{
    "Instruction Following": 0.36229205175600737,
    "Academic Knowledge": 0.6859024340921652,
    "Commonsense Reasoning": 0.7048145224940805,
    "Physical Reasoning": 0.5170648464163823
}