{
    "Physical Reasoning": 0.647659664942232,
    "Academic Knowledge": 0.6872192418356826
}