{
    "eval_bleu-4": 31.995006000000004,
    "eval_model_preparation_time": 0.0039,
    "eval_rouge-1": 38.086702,
    "eval_rouge-2": 18.995113,
    "eval_rouge-l": 20.485706,
    "eval_runtime": 648.1493,
    "eval_samples_per_second": 0.154,
    "eval_steps_per_second": 0.077
}