{
    "predict_bleu-4": 33.054497,
    "predict_model_preparation_time": 0.0039,
    "predict_rouge-1": 38.421812,
    "predict_rouge-2": 19.020493000000002,
    "predict_rouge-l": 20.520346,
    "predict_runtime": 644.5211,
    "predict_samples_per_second": 0.155,
    "predict_steps_per_second": 0.078
}