{
    "eval_bleu-4": 33.545939,
    "eval_model_preparation_time": 0.004,
    "eval_rouge-1": 37.643682000000005,
    "eval_rouge-2": 18.497952,
    "eval_rouge-l": 21.292437,
    "eval_runtime": 636.4499,
    "eval_samples_per_second": 0.157,
    "eval_steps_per_second": 0.079
}